{"description":"SQL constraint that is used to specify rules for data in a table,","fields":[],"relationships":[],"properties":{"constraint_type":{"type":"string","description":"Classification of the constraint, can be one of the following values: PRIMARY KEY, FOREIGN KEY, UNIQUE, CHECK","label":{"default":"Constraint Type","en":"Constraint Type"}},"enforced":{"type":"bool","description":"Indicates whether the constraint is checked when inserting new rows to table or updating existing rows.","label":{"default":"Is Enforced","en":"Is Enforced"}},"description":{"type":"string","description":"Text description of the constraint used as a comment"},"notes":{"type":"string","description":"Free form textual notes that a user can add"}},"localized_metadata_attributes":{"name":{"default":"Physical Data Model Constraint","en":"Physical Data Model Constraint"}},"global_search_searchable":[],"attribute_only":false,"allow_decorators":true,"version":1,"name":"ibm_physical_model_constraint","scope":"GLOBAL"}
