{"description":"Notebooks are defined by ipynb files according to Jupyter layout","fields":[{"key":"kernel","type":"object","facet":false,"is_array":false,"is_searchable_across_types":false},{"key":"compute","type":"string","facet":false,"is_array":false,"is_searchable_across_types":false},{"key":"originates_from","type":"object","facet":false,"is_array":false,"is_searchable_across_types":false}],"external_asset_preview":{},"relationships":[],"global_search_searchable":[],"attribute_only":false,"allow_decorators":true,"version":1,"name":"notebook","scope":"GLOBAL"}
