{"metadata":{"asset_id":"a81378ff-aeb2-42ef-a166-546f8ace0aee","asset_attributes":["notebook"],"name":"EDA with SQl","asset_type":"notebook","created_at":"2022-09-11T10:05:40Z","description":"","origin_country":"us","owner_id":"IBMid-665002CAKH","project_id":"9e81568f-833b-4b4a-bbb7-6313083d9512","size":26400,"tags":["notebook"],"usage":{"last_update_time":1662894728742,"last_updated_at":"2022-09-11T11:12:08Z"}},"entity":{"notebook":{"kernel":{"name":"python3","display_name":"Python 3.9","language":"python"},"originates_from":{"type":"blank"},"runtime":{"environment":"conda2rt221-9e81568f-833b-4b4a-bbb7-6313083d9512"}},"location_definition":{"physical_location_code":"DAL","physical_location_code_assigned_by":"IBMid-665002CAKH","physical_location_code_rds_id":"c57cb90f-2126-3800-9c9f-9eab82021cdf","physical_location_code_rds_version":"00002022-0825-4100-8420-477474000000_2","physical_location_code_assignment_method":"INFERRED","physical_location_code_added_on":"1662883164223"}},"attachments":[{"id":"477836b4-b2ed-42e7-98e3-a42c355c317e","version":2,"asset_type":"notebook","name":"attachment for notebook a81378ff-aeb2-42ef-a166-546f8ace0aee","description":"attachment for notebook a81378ff-aeb2-42ef-a166-546f8ace0aee","mime":"application/json","datasource_type":"193a97c1-4475-4a19-b90c-295c4fdc6517","object_key":"notebook/EDA_with_SQl_rNfQJ26ZM.ipynb","creator_id":"IBMid-665002CAKH","create_time":1662890741019,"size":26400,"is_remote":false,"is_managed":false,"is_referenced":true,"is_object_key_read_only":false,"is_user_provided_path_key":true,"transfer_complete":true,"is_partitioned":false,"complete_time_ticks":1662890741019,"user_data":{},"test_doc":0,"handle":{"bucket":"datacollectionwithwebscrapping-donotdelete-pr-zvixn6ibhebmfk","location":"us-geo","type":"bluemix_cos","key":"notebook/EDA_with_SQl_rNfQJ26ZM.ipynb","upload_id":"done","max_part_num":1},"usage":{"access_count":26,"last_accessor_id":"IBMid-665002CAKH","last_access_time":1662894717308,"last_updater_id":"IBMid-665002CAKH","last_update_time":1662894717308}}]}
