{"metadata":{"asset_id":"13de4094-4a13-45bf-8179-67171e9f9c97","asset_attributes":["notebook"],"name":"Interactive Visual Analytics with Folium","asset_type":"notebook","created_at":"2022-09-11T13:28:16Z","description":"","origin_country":"us","owner_id":"IBMid-665002CAKH","project_id":"9e81568f-833b-4b4a-bbb7-6313083d9512","size":31731,"tags":["notebook"],"usage":{"last_update_time":1662904596797,"last_updated_at":"2022-09-11T13:56:36Z"}},"entity":{"notebook":{"kernel":{"name":"python3","display_name":"Python 3.9","language":"python"},"originates_from":{"type":"blank"},"runtime":{"environment":"conda2rt221-9e81568f-833b-4b4a-bbb7-6313083d9512"}},"location_definition":{"physical_location_code":"DAL","physical_location_code_assigned_by":"IBMid-665002CAKH","physical_location_code_rds_id":"c57cb90f-2126-3800-9c9f-9eab82021cdf","physical_location_code_rds_version":"00002022-0825-4100-8420-477474000000_2","physical_location_code_assignment_method":"INFERRED","physical_location_code_added_on":"1662883164223"}},"attachments":[{"id":"9250761e-83c5-46ff-8322-66fdfa65a9f7","version":2,"asset_type":"notebook","name":"attachment for notebook 13de4094-4a13-45bf-8179-67171e9f9c97","description":"attachment for notebook 13de4094-4a13-45bf-8179-67171e9f9c97","mime":"application/json","datasource_type":"193a97c1-4475-4a19-b90c-295c4fdc6517","object_key":"notebook/Interactive_Visual_Analytics_with_Folium_r9YA4ZuVx.ipynb","creator_id":"IBMid-665002CAKH","create_time":1662902896903,"size":31731,"is_remote":false,"is_managed":false,"is_referenced":true,"is_object_key_read_only":false,"is_user_provided_path_key":true,"transfer_complete":true,"is_partitioned":false,"complete_time_ticks":1662902896903,"user_data":{},"test_doc":0,"handle":{"bucket":"datacollectionwithwebscrapping-donotdelete-pr-zvixn6ibhebmfk","location":"us-geo","type":"bluemix_cos","key":"notebook/Interactive_Visual_Analytics_with_Folium_r9YA4ZuVx.ipynb","upload_id":"done","max_part_num":1},"usage":{"access_count":13,"last_accessor_id":"IBMid-665002CAKH","last_access_time":1662904596795,"last_updater_id":"IBMid-665002CAKH","last_update_time":1662904596795}}]}
